province,points,price,lat,lon,province average points,province average price,province average utility,price dollars
Achaia,85.80,23.0,38.1158729,21.9522491,85.8,23.0,3.73,$23.00
Aconcagua Costa,87.63,23.074074074074073,-32.653179000000016,-70.01086749999996,87.62962962962962,23.074074074074066,3.80,$23.07
Aconcagua Valley,88.19,40.29824561403509,-32.65317899999994,-70.01086750000009,88.19298245614046,40.29824561403519,2.19,$40.30
Aegean,88.95,33.40909090909091,39.019184,25.268554999999996,88.95454545454548,33.409090909090885,2.66,$33.41
Ahr,90.22,59.111111111111114,41.12231269999999,-73.3724166,90.22222222222223,59.1111111111111,1.53,$59.11
Alenquer,87.50,10.0,39.0574004,-9.0063654,87.5,10.0,8.75,$10.00
Alentejano,87.99,21.49208282582217,38.89584820000072,-77.05568269999827,87.99269183922095,21.492082825821942,4.09,$21.49
Alentejo,88.68,26.849397590361445,45.533784700000055,-73.59838689999982,88.680722891566,26.849397590361484,3.30,$26.85
Alenteo,88.00,18.0,45.5337847,-73.5983869,88.0,18.0,4.89,$18.00
Algarve,86.89,18.0,37.017953799999994,-7.930834000000003,86.8888888888889,18.0,4.83,$18.00
Alsace,89.60,30.376804843968326,48.318179499998514,7.441624099999907,89.60316721006332,30.37680484396734,2.95,$30.38
America,86.51,19.894736842105264,37.09024,-95.712891,86.50526315789467,19.89473684210525,4.35,$19.89
Amindeo,83.50,27.5,40.6905178,21.6797432,83.5,27.5,3.04,$27.50
Amyndeon,86.60,31.2,40.6905178,21.6797432,86.6,31.2,2.78,$31.20
Andalucia,89.73,35.48936170212766,37.5442706000001,-4.727752799999988,89.72872340425559,35.489361702127745,2.53,$35.49
Ankara,88.94,25.444444444444443,39.933363500000006,32.85974190000001,88.9444444444444,25.44444444444445,3.50,$25.44
Apalta,88.08,39.75,37.66758649999999,-77.57112099999998,88.08333333333336,39.75,2.22,$39.75
Arcadia,87.00,40.0,37.5557825,22.3337769,87.0,40.0,2.17,$40.00
Arizona,84.88,29.2,34.048928100000005,-111.0937310999999,84.875,29.200000000000024,2.91,$29.20
Armenia,87.50,14.5,40.069099,45.038189,87.5,14.5,6.03,$14.50
Atalanti Valley,87.64,23.785714285714285,38.652866300000014,22.998360999999992,87.64285714285712,23.78571428571428,3.68,$23.79
Attica,85.83,19.833333333333332,42.8226861,-78.27039509999999,85.83333333333333,19.833333333333332,4.33,$19.83
Australia Other,85.48,12.427966101694915,-35.32157749999994,149.09653840000036,85.48305084745763,12.427966101694896,6.88,$12.43
Austria,87.09,29.045454545454547,47.516230999999976,14.550072,87.09090909090907,29.045454545454547,3.00,$29.05
Awatere Valley,88.74,20.444444444444443,-42.08519909999998,173.261074,88.74074074074072,20.444444444444454,4.34,$20.44
Baden,89.68,55.483870967741936,40.6350668,-80.22811590000002,89.67741935483873,55.48387096774194,1.62,$55.48
Bairrada,88.77,25.5625,40.74923409999995,-73.64168109999993,88.76874999999976,25.5625,3.47,$25.56
Beira Atlantico,90.00,23.928571428571427,-19.831594900000002,34.837018300000004,90.0,23.928571428571427,3.76,$23.93
Beira Interior,88.97,18.08823529411765,40.277859000000014,-7.508983,88.97058823529413,18.088235294117645,4.92,$18.09
Beiras,90.00,26.928571428571427,43.682020400000006,-79.4663498,90.0,26.928571428571427,3.34,$26.93
Bekaa Valley,86.73,25.863636363636363,34.00888899999999,36.14527799999999,86.72727272727273,25.86363636363637,3.35,$25.86
Beotia,86.00,27.0,38.3663664,23.0965064,86.0,27.0,3.19,$27.00
Black Sea Coastal,84.33,9.333333333333334,43.19049429999999,27.8761229,84.33333333333333,9.333333333333334,9.04,$9.33
Bordeaux,87.96,38.91179410294853,44.837789000001884,-0.5791799999999896,87.96226886556721,38.91179410295154,2.26,$38.91
Bot River,89.00,26.0,-34.2254252,19.1969241,89.0,26.0,3.42,$26.00
Brazil,85.00,23.5,-14.235004000000002,-51.925279999999994,85.0,23.5,3.62,$23.50
Brda,88.43,34.142857142857146,45.9975652,13.5270474,88.42857142857143,34.142857142857146,2.59,$34.14
Breede River Valley,86.00,10.0,-33.7272263,19.4735066,86.0,10.0,8.60,$10.00
Breedekloof,88.67,18.666666666666668,-33.681831,19.3143778,88.66666666666667,18.666666666666668,4.75,$18.67
British Columbia,89.73,32.39873417721519,53.72666829999986,-127.64762049999993,89.73417721518996,32.39873417721529,2.77,$32.40
Bucelas,88.89,18.166666666666668,38.9007616,-9.1181917,88.8888888888889,18.166666666666668,4.89,$18.17
Buin,91.12,83.625,-33.73093740000001,-70.7423218,91.125,83.625,1.09,$83.62
Bulgaria,84.11,9.555555555555555,42.733883,25.485829999999996,84.1111111111111,9.555555555555555,8.80,$9.56
Burgenland,89.65,28.984126984126984,47.153716500000606,16.26887969999996,89.64726631393378,28.984126984127126,3.09,$28.98
Burgundy,89.64,71.05827430779136,47.05250469999804,4.383721500000209,89.63940759820134,71.05827430778959,1.26,$71.06
Bí_o Bí_o Valley,85.57,14.976190476190476,45.649530800000036,-76.90248680000002,85.57142857142854,14.976190476190478,5.71,$14.98
Cachapoal Valley,87.28,26.436274509803923,-34.171831300000065,-70.62167939999975,87.2794117647062,26.436274509803944,3.30,$26.44
Cahul,83.33,8.0,45.8939404,28.189027499999998,83.33333333333333,8.0,10.42,$8.00
California,88.63,39.04104808331487,36.7782610000347,-119.41793240000115,88.6295147351939,39.04104808330305,2.27,$39.04
Campanha,83.00,26.0,-21.8343864,-45.3990201,83.0,26.0,3.19,$26.00
Canelones,86.65,23.511627906976745,-34.52910429999998,-56.2873482,86.65116279069763,23.511627906976745,3.69,$23.51
Canterbury,87.40,24.6,44.7911906,-93.48387160000001,87.39999999999999,24.599999999999998,3.55,$24.60
Cape Agulhas,90.00,25.0,-34.8311111,20.0130556,90.0,25.0,3.60,$25.00
Cape Peninsula,90.67,42.333333333333336,-34.2500139,18.4157357,90.66666666666667,42.333333333333336,2.14,$42.33
Cape South Coast,85.00,26.0,33.6894105,-117.8994287,85.0,26.0,3.27,$26.00
Cappadocia,86.50,18.9,28.551347,-81.310391,86.5,18.900000000000002,4.58,$18.90
Carnuntum,90.42,28.208333333333332,48.11332600000002,16.861693000000006,90.41666666666674,28.208333333333346,3.21,$28.21
Casablanca & Leyda Valleys,86.00,21.0,33.5731104,-7.589843399999999,86.0,21.0,4.10,$21.00
Casablanca Valley,86.24,17.61241610738255,-33.31903759999989,-71.4076318000005,86.24496644295198,17.61241610738233,4.90,$17.61
Catalonia,87.46,28.466608846487425,41.591158900000494,1.5208623999999917,87.4614050303543,28.466608846487368,3.07,$28.47
Cauquenes Valley,88.89,20.88888888888889,-35.9676285,-72.32223309999999,88.8888888888889,20.88888888888889,4.26,$20.89
Cederberg,88.17,26.0,43.34561209999999,-83.74095559999999,88.16666666666667,26.0,3.39,$26.00
Central Greece,86.00,8.0,38.6043928,22.7152125,86.0,8.0,10.75,$8.00
Central Italy,87.43,25.437272727272727,41.8719399999997,12.56738000000028,87.42818181818106,25.43727272727221,3.44,$25.44
Central Otago,89.24,40.72049689440994,-44.95663150000012,169.39884510000027,89.2422360248451,40.720496894409806,2.19,$40.72
Central Spain,85.53,18.48654244306418,40.463666999999994,-3.749219999999975,85.53416149068369,18.48654244306434,4.63,$18.49
Central Valley,84.73,12.6045197740113,40.199877700000286,-122.20110749999955,84.72598870056467,12.604519774011344,6.72,$12.60
Cephalonia,86.75,22.0,38.1753675,20.5692179,86.75,22.0,3.94,$22.00
Chalkidiki,88.20,23.2,40.3694997,23.287085,88.2,23.2,3.80,$23.20
Champagne,90.26,79.46131597975416,35.93469219999915,-96.01344439999977,90.26319595082974,79.46131597975562,1.14,$79.46
Chile,85.74,21.72340425531915,-35.675146999999974,-71.54296900000004,85.7446808510639,21.72340425531913,3.95,$21.72
China,89.00,18.0,35.86166,104.195397,89.0,18.0,4.94,$18.00
Choapa Valley,85.33,17.0,-31.5903378,-71.5276126,85.33333333333333,17.0,5.02,$17.00
Coastal Region,87.33,18.661538461538463,28.90261849999991,-82.57714210000017,87.33076923076935,18.661538461538424,4.68,$18.66
Codru Region,86.00,14.5,46.9787276,28.8156637,86.0,14.5,5.93,$14.50
Coelemu,88.00,25.0,-36.4983941,-72.7570024,88.0,25.0,3.52,$25.00
Colares,90.50,262.5,38.8066307,-9.4426867,90.5,262.5,0.34,$262.50
Colchagua Costa,86.50,21.5,-34.6761419,-71.09731699999999,86.5,21.5,4.02,$21.50
Colchagua Valley,87.10,22.239951278928135,-34.67614189999969,-71.09731699999978,87.09744214372759,22.239951278928288,3.92,$22.24
Colorado,86.12,32.98529411764706,39.550050700000014,-105.78206740000016,86.11764705882345,32.98529411764705,2.61,$32.99
Connecticut,84.00,15.333333333333334,41.6032207,-73.087749,84.0,15.333333333333334,5.48,$15.33
Constantia,88.77,24.181818181818183,43.26441049999997,-75.94632399999999,88.77272727272727,24.181818181818183,3.67,$24.18
Corinth,86.50,15.333333333333334,37.9386365,22.932238299999998,86.5,15.333333333333334,5.64,$15.33
Crete,87.19,21.40740740740741,35.24011700000002,24.80926910000001,87.1851851851852,21.407407407407405,4.07,$21.41
Croatia,88.00,19.0,45.1,15.2000001,88.0,19.0,4.63,$19.00
Curicí_ and Leyda Valleys,86.67,12.666666666666666,-33.61315740000001,-71.4501843,86.66666666666667,12.666666666666666,6.84,$12.67
Curicí_ and Maipo Valleys,86.00,17.5,-33.8088442,-70.7644236,86.0,17.5,4.91,$17.50
Cyclades,84.00,21.0,37.1548247,25.0687356,84.0,21.0,4.00,$21.00
Cyprus,86.33,14.333333333333334,35.126413,33.429859,86.33333333333333,14.333333333333334,6.02,$14.33
Dan,86.50,12.0,36.03201019999999,-95.99088379999999,86.5,12.0,7.21,$12.00
Danube River Plains,89.11,15.105263157894736,46.31080970000002,18.925711700000004,89.10526315789477,15.105263157894736,5.90,$15.11
Darling,86.50,16.666666666666668,34.3589978,-90.27426049999998,86.5,16.666666666666668,5.19,$16.67
Dealu Mare,86.94,21.032258064516128,41.917725399999966,-87.64827779999997,86.93548387096779,21.03225806451611,4.13,$21.03
Devon Valley,84.00,22.5,50.539567,-3.5257072,84.0,22.5,3.73,$22.50
Douro,89.14,29.141975308641975,41.5012768000009,-5.5122932000001015,89.13932980599819,29.141975308641378,3.06,$29.14
Drama,87.85,21.75,41.30972079999998,-72.93126250000007,87.84999999999994,21.75,4.04,$21.75
Durbanville,86.45,18.454545454545453,-33.82594139999999,18.6531909,86.45454545454548,18.45454545454545,4.68,$18.45
East Coast,86.29,13.285714285714286,37.15890530000001,-93.2838256,86.2857142857143,13.285714285714288,6.49,$13.29
Eger,87.62,31.307692307692307,47.902534800000005,20.377228400000003,87.61538461538461,31.307692307692317,2.80,$31.31
Eilandia,87.67,13.333333333333334,-33.7725,19.67317,87.66666666666667,13.333333333333334,6.58,$13.33
Eisenberg,91.19,35.375,32.8526268,-96.95790489999997,91.1875,35.375,2.58,$35.38
ElazÛ±Ûô-Diyarbakir,86.00,25.0,37.9249733,40.2109826,86.0,25.0,3.44,$25.00
Elgin,88.20,30.295454545454547,42.03540840000004,-88.28256680000003,88.20454545454548,30.295454545454525,2.91,$30.30
Elim,89.50,24.0,41.655166,-87.758338,89.5,24.0,3.73,$24.00
Ella Valley,89.25,36.5,40.7600857,-73.9721461,89.25,36.5,2.45,$36.50
Elqui Valley,85.96,18.37735849056604,-29.976691300000017,-70.5527852,85.96226415094347,18.37735849056605,4.68,$18.38
England,91.55,51.68115942028985,52.35551769999994,-1.1743196999999994,91.55072463768109,51.68115942028989,1.77,$51.68
Epanomi,88.62,42.375,40.4289764,22.930417400000007,88.625,42.375,2.09,$42.38
Estremadura,86.00,11.324324324324325,39.4937392,-6.0679193999999965,86.0,11.324324324324325,7.59,$11.32
Florina,87.92,23.076923076923077,40.78452619999997,21.413122199999997,87.92307692307692,23.076923076923073,3.81,$23.08
Franken,88.71,61.21052631578947,39.080056900000024,-94.59847900000008,88.71052631578955,61.21052631578944,1.45,$61.21
Franschhoek,87.50,24.272727272727273,-33.89748329999998,19.1523292,87.5,24.272727272727266,3.60,$24.27
Galicia,87.44,21.09046454767726,42.57505540000024,-8.133855800000081,87.44498777506026,21.090464547677364,4.15,$21.09
Galil,86.46,32.69230769230769,36.3515847,-94.21327440000002,86.46153846153848,32.692307692307686,2.64,$32.69
Galilee,88.53,29.43846153846154,41.380243999999955,-71.49256279999986,88.53461538461514,29.438461538461528,3.01,$29.44
Georgia,86.92,18.076923076923077,32.1656221,-82.9000751,86.92307692307692,18.076923076923073,4.81,$18.08
Germany,87.33,19.0,51.165691,10.451526,87.33333333333336,19.0,4.60,$19.00
Gisborne,88.20,23.9,-38.662333999999994,178.01764899999998,88.20000000000002,23.900000000000002,3.69,$23.90
Gladstone,91.00,16.0,39.2038918,-94.554677,91.0,16.0,5.69,$16.00
Golan Heights,89.67,46.666666666666664,33.01558540000001,35.784354,89.66666666666667,46.666666666666664,1.92,$46.67
Goriska Brda,88.85,31.615384615384617,45.997565200000025,13.527047400000008,88.84615384615383,31.615384615384635,2.81,$31.62
Goumenissa,87.67,29.666666666666668,40.946869,22.4510542,87.66666666666667,29.666666666666668,2.96,$29.67
Greece,84.85,17.153846153846153,39.074208,21.824312,84.84615384615383,17.153846153846157,4.95,$17.15
Halkidiki,88.20,15.4,40.3694997,23.287085,88.2,15.4,5.73,$15.40
Hawaii,87.00,28.0,19.8967662,-155.5827818,87.0,28.0,3.11,$28.00
Hawke's Bay,89.37,34.91338582677165,-39.10898670000005,176.7416373999998,89.37007874015758,34.91338582677155,2.56,$34.91
Helderberg,87.50,37.5,42.6518007,-73.7933809,87.5,37.5,2.33,$37.50
Hemel en Aarde,90.30,41.6,-34.41165920000001,19.2065868,90.29999999999998,41.60000000000001,2.17,$41.60
Hrvatsko Primorje,84.00,13.0,45.31739959999999,14.8167466,84.0,13.0,6.46,$13.00
Hungary,87.14,16.0,47.162493999999995,19.503304100000005,87.14285714285712,16.0,5.45,$16.00
Hvar,87.67,24.666666666666668,43.1541875,16.6527099,87.66666666666667,24.666666666666668,3.55,$24.67
Ica,83.56,18.0625,42.3528824,-71.04301099999999,83.5625,18.0625,4.63,$18.06
Idaho,86.61,20.768421052631577,44.068201899999835,-114.74204079999983,86.60526315789492,20.768421052631652,4.17,$20.77
Illinois,84.50,32.333333333333336,40.63312489999999,-89.3985283,84.5,32.333333333333336,2.61,$32.33
Imathia,87.00,15.0,40.60600669999999,22.1430215,87.0,15.0,5.80,$15.00
Iowa,83.00,15.5,41.8780025,-93.097702,83.0,15.5,5.35,$15.50
Israel,88.93,35.42857142857143,31.046050999999995,34.851611999999996,88.92857142857142,35.42857142857144,2.51,$35.43
Istria,87.48,22.08695652173913,45.274501800000024,13.890185800000001,87.47826086956523,22.08695652173913,3.96,$22.09
Itata Valley,85.83,24.083333333333332,-36.7717771,-72.43117359999998,85.83333333333336,24.083333333333332,3.56,$24.08
Jerusalem Hills,89.75,52.5,31.8083099,35.1049759,89.75,52.5,1.71,$52.50
Jidvei,86.00,12.0,46.2226645,24.1098947,86.0,12.0,7.17,$12.00
Jonkershoek Valley,90.25,40.5,-33.950569,18.904578,90.25,40.5,2.23,$40.50
Juanico,86.33,48.583333333333336,-34.590705899999996,-56.2566093,86.33333333333336,48.583333333333336,1.78,$48.58
Judean Hills,89.06,39.557522123893804,31.666666699999958,35.16666669999996,89.06194690265497,39.55752212389376,2.25,$39.56
Kakheti,87.82,19.549295774647888,41.64816019999993,45.6905554,87.81690140845065,19.54929577464788,4.49,$19.55
Kamptal,91.40,33.8698224852071,48.58508500000025,15.41266180000002,91.39644970414163,33.86982248520694,2.70,$33.87
Kathikas,87.00,18.0,34.9137456,32.4184108,87.0,18.0,4.83,$18.00
Kentucky,83.00,35.0,37.8393332,-84.2700179,83.0,35.0,2.37,$35.00
Korinthia,87.33,14.333333333333334,38.0022977,22.524509299999995,87.33333333333333,14.333333333333334,6.09,$14.33
Kremstal,90.86,30.07191780821918,40.74373620000005,-73.99133140000023,90.8630136986296,30.07191780821914,3.02,$30.07
Krk,88.00,16.0,45.0809356,14.5925861,88.0,16.0,5.50,$16.00
Kumeu,90.28,38.241379310344826,-36.77726229999999,174.5588019,90.27586206896557,38.241379310344854,2.36,$38.24
Kutjevo,87.67,19.333333333333332,45.42588139999999,17.88337,87.66666666666667,19.333333333333332,4.53,$19.33
Lakonia,88.50,29.5,37.0299087,22.5245093,88.5,29.5,3.00,$29.50
Landwein Rhein,89.00,13.5,49.2313352,8.386074899999999,89.0,13.5,6.59,$13.50
Languedoc-Roussillon,87.11,20.115449915110357,43.591235600000516,3.25836260000004,87.10865874363432,20.115449915110577,4.33,$20.12
Lebanon,89.31,38.84615384615385,33.85472099999999,35.86228499999999,89.30769230769229,38.846153846153854,2.30,$38.85
Leithaberg,91.44,44.294117647058826,47.96666669999997,16.6666667,91.44117647058827,44.294117647058805,2.06,$44.29
Lemesos,89.00,21.0,34.7071301,33.0226174,89.0,21.0,4.24,$21.00
Lesbos,84.00,14.0,39.2645095,26.2777073,84.0,14.0,6.00,$14.00
Letrinon,89.50,39.0,37.6720919,21.4378157,89.5,39.0,2.29,$39.00
Levante,86.60,19.940265486725664,40.74755700000007,-73.94169239999985,86.59955752212407,19.940265486725615,4.34,$19.94
Leyda Valley,86.60,19.515555555555554,-33.61315740000008,-71.45018429999985,86.5955555555556,19.51555555555561,4.44,$19.52
Leyda Valley-Maipo Valley,86.50,11.5,-33.61315740000001,-71.4501843,86.5,11.5,7.52,$11.50
Limarí_ Valley,86.19,18.441176470588236,-30.746200200000057,-71.00223110000005,86.18627450980405,18.441176470588275,4.67,$18.44
Limnos,85.00,16.5,39.9198413,25.141484,85.0,16.5,5.15,$16.50
Lisboa,87.52,15.730941704035875,38.722252400000286,-9.139336600000094,87.51569506726504,15.730941704035962,5.56,$15.73
Loire Valley,88.51,25.998122653316646,47.553240200000346,1.010528900000036,88.50625782227475,25.99812265331719,3.40,$26.00
Lolol Valley,86.36,20.681818181818183,-34.72841659999999,-71.64582429999997,86.36363636363632,20.681818181818183,4.18,$20.68
Lombardy,88.87,36.95218295218295,45.479067099999945,9.845243300000122,88.87110187110166,36.95218295218326,2.41,$36.95
Lutzville Valley,85.00,10.0,-31.5531506,18.3474974,85.0,10.0,8.50,$10.00
Macedonia,86.62,19.125,41.608635,21.745274999999996,86.625,19.125,4.53,$19.12
Madeira,93.91,115.18181818181819,32.76070740000001,-16.959472300000005,93.90909090909089,115.18181818181823,0.82,$115.18
Maipo Valley,86.83,24.421296296296298,-33.80884420000042,-70.76442359999982,86.82561728395174,24.421296296296003,3.56,$24.42
Maipo Valley-Colchagua Valley,88.00,14.333333333333334,-33.8088442,-70.7644236,88.0,14.333333333333334,6.14,$14.33
Malgas,90.00,35.0,-34.3204182,20.5811363,90.0,35.0,2.57,$35.00
Malleco,85.33,37.666666666666664,-38.1635613,-72.5204827,85.33333333333333,37.666666666666664,2.27,$37.67
Mantinia,88.00,15.73076923076923,37.616667,22.383332999999997,88.0,15.730769230769228,5.59,$15.73
Marchigue,88.79,23.333333333333332,-34.398446700000015,-71.62157150000002,88.79166666666669,23.33333333333333,3.81,$23.33
Markopoulo,90.00,25.0,37.8833564,23.9333037,90.0,25.0,3.60,$25.00
Marlborough,87.88,21.58343949044586,42.34592709999951,-71.55228740000113,87.87515923566977,21.583439490445453,4.07,$21.58
Martinborough,89.17,41.44565217391305,-41.21909319999995,175.46006510000004,89.17391304347821,41.44565217391301,2.15,$41.45
Massachusetts,84.86,21.285714285714285,42.4072107,-71.3824374,84.85714285714288,21.28571428571428,3.99,$21.29
Maule Valley,85.97,16.989270386266096,-36.0,-72.0,85.96781115879928,16.989270386266075,5.06,$16.99
Mavrodaphne de Cephalonie,88.00,30.0,34.1670153,-118.6195019,88.0,30.0,2.93,$30.00
Mavrodaphne of Patras,86.00,12.5,38.196911,21.769676,86.0,12.5,6.88,$12.50
Mendoza Province,86.83,25.05331680099194,-32.889624699998144,-68.85268670000207,86.82641041537634,25.05331680099162,3.47,$25.05
Messinia,88.00,11.0,37.1424653,21.9522491,88.0,11.0,8.00,$11.00
Michigan,86.15,32.432432432432435,44.3148443,-85.60236430000003,86.15315315315294,32.432432432432485,2.66,$32.43
Missouri,83.33,17.333333333333332,37.96425290000001,-91.83183340000004,83.33333333333334,17.33333333333333,4.81,$17.33
Mittelburgenland,88.79,25.894736842105264,47.49496999999999,16.508789999999998,88.78947368421048,25.894736842105264,3.43,$25.89
Mittelrhein,92.25,30.5,50.1614667,7.7008637,92.25,30.5,3.02,$30.50
Moldova,87.46,17.314814814814813,47.41163099999996,28.369885000000007,87.46296296296296,17.314814814814806,5.05,$17.31
Molina,83.38,10.0,37.09024,-95.712891,83.375,10.0,8.34,$10.00
Monemvasia,86.00,40.0,36.6876016,23.056032,86.0,40.0,2.15,$40.00
Montevideo,88.27,26.09090909090909,-34.9011127,-56.16453139999999,88.27272727272727,26.090909090909086,3.38,$26.09
Moravia,87.25,24.25,42.73248030000001,-76.43316979999999,87.25,24.25,3.60,$24.25
Morocco,88.67,21.0,31.791701999999997,-7.092619999999999,88.66666666666667,21.0,4.22,$21.00
Moscatel de Setí_bal,89.83,16.833333333333332,38.5254047,-8.8941,89.83333333333333,16.833333333333332,5.34,$16.83
Mosel,90.04,35.380254154447705,43.849289099999254,-87.74485570000144,90.04007820136992,35.38025415444746,2.54,$35.38
Mosel-Saar-Ruwer,89.77,46.40594059405941,49.75266000000008,6.647349999999995,89.7722772277229,46.40594059405939,1.93,$46.41
Moselle Luxembourgeoise,88.67,23.333333333333332,49.815273,6.129582999999999,88.66666666666667,23.333333333333332,3.80,$23.33
Mostar,86.50,12.5,43.34377480000001,17.8077578,86.5,12.5,6.92,$12.50
Mount Athos,87.50,27.5,40.2644928,24.2152731,87.5,27.5,3.18,$27.50
Murfatlar,86.71,13.285714285714286,44.17355179999999,28.410547900000005,86.7142857142857,13.285714285714288,6.53,$13.29
Muscat of Kefallonian,87.00,30.0,38.1753675,20.5692179,87.0,30.0,2.90,$30.00
Muscat of Patras,86.00,11.0,38.196911,21.769676,86.0,11.0,7.82,$11.00
Muzla,87.00,16.0,47.7922734,18.5974801,87.0,16.0,5.44,$16.00
Nahe,89.45,43.9625,49.765242999999934,7.443732399999999,89.44999999999989,43.962500000000055,2.03,$43.96
Naoussa,86.96,20.458333333333332,37.12357429999998,25.238722000000006,86.95833333333331,20.458333333333325,4.25,$20.46
Nashik,90.22,13.333333333333334,19.9974533,73.7898023,90.22222222222223,13.333333333333332,6.77,$13.33
Negev,87.33,12.0,30.7140861,34.8757476,87.33333333333333,12.0,7.28,$12.00
Negev Hills,84.60,29.2,30.714086099999996,34.8757476,84.6,29.2,2.90,$29.20
Nelson,87.53,21.944444444444443,39.04496779999999,-94.5809233,87.52777777777781,21.944444444444454,3.99,$21.94
Nemea,87.04,25.15686274509804,37.821329999999996,22.66099799999999,87.03921568627449,25.15686274509804,3.46,$25.16
Neusiedlersee,88.64,30.90909090909091,47.8650427,16.7775594,88.63636363636364,30.909090909090914,2.87,$30.91
Nevada,84.25,37.75,38.8026097,-116.419389,84.25,37.75,2.23,$37.75
New Jersey,84.00,25.5,40.05832379999999,-74.4056612,84.0,25.5,3.29,$25.50
New Mexico,83.96,22.42222222222222,34.51994020000001,-105.8700901000001,83.95555555555562,22.42222222222222,3.74,$22.42
New South Wales,87.69,25.623529411764707,-31.25321829999999,146.9210989999998,87.6941176470589,25.623529411764647,3.42,$25.62
New York,87.18,22.826233183856502,40.71277529999851,-74.00597279999825,87.18124065769527,22.826233183856043,3.82,$22.83
New Zealand,86.50,16.25,-40.900557,174.88597099999996,86.5,16.25,5.32,$16.25
North Carolina,84.57,21.0,35.759573100000004,-79.01929969999996,84.56521739130432,21.0,4.03,$21.00
Northeastern Italy,88.04,27.047834843907353,42.33980669999969,-71.08917170000224,88.03524672708795,27.047834843906596,3.25,$27.05
Northern Cape,85.00,10.5,-29.0466808,21.8568586,85.0,10.5,8.10,$10.50
Northern Spain,87.42,30.771925204108506,43.26358830000172,-2.929067900000008,87.4205952067335,30.771925204110094,2.84,$30.77
Northwestern Italy,87.00,22.076923076923077,42.5048033,-83.31382239999996,87.0,22.076923076923073,3.94,$22.08
Obidos,88.86,22.428571428571427,39.3604212,-9.158201399999998,88.85714285714288,22.428571428571423,3.96,$22.43
Ohio,84.08,13.75,40.4172871,-82.907123,84.08333333333334,13.75,6.12,$13.75
Olifants River,88.50,55.0,-24.3688001,30.6473144,88.5,55.0,1.61,$55.00
Ontario,88.79,41.252631578947366,51.253775000000054,-85.323214,88.78947368421062,41.25263157894734,2.15,$41.25
Oregon,89.05,36.5450643776824,43.80413340000083,-120.55420120001128,89.05374136967151,36.54506437768517,2.44,$36.55
Other,86.00,21.20377358490566,36.06310309999993,-95.95882710000075,86.00377358490566,21.203773584905722,4.06,$21.20
Overberg,87.71,25.857142857142858,-34.4897034,20.402376,87.7142857142857,25.857142857142858,3.39,$25.86
Paarl,88.28,32.053333333333335,-33.73423039999994,18.962109099999985,88.27999999999996,32.0533333333333,2.75,$32.05
Pafos,87.00,14.666666666666666,34.7720133,32.4297369,87.0,14.666666666666666,5.93,$14.67
Palmela,87.58,15.0,38.56944099999999,-8.9016937,87.57894736842105,15.0,5.84,$15.00
Panciu,88.50,20.0,45.9081087,27.0905428,88.5,20.0,4.42,$20.00
Pangeon,87.41,34.588235294117645,40.91666669999999,24.083333299999996,87.41176470588236,34.58823529411764,2.53,$34.59
Patras,87.33,11.333333333333334,38.2466395,21.734574,87.33333333333333,11.333333333333334,7.71,$11.33
Peljesac,87.46,32.61538461538461,42.8652771,17.550515200000003,87.46153846153848,32.61538461538463,2.68,$32.62
Peloponnese,87.11,16.714285714285715,37.5079472,22.373489999999972,87.10714285714282,16.714285714285698,5.21,$16.71
Pennsylvania,84.56,23.333333333333332,41.203321599999995,-77.19452470000003,84.55555555555559,23.33333333333333,3.62,$23.33
Pení_nsula de Setí_bal,87.29,18.495934959349594,38.52540469999993,-8.894099999999986,87.29268292682913,18.495934959349594,4.72,$18.50
Peumo,89.33,38.5,-34.39633920000003,-71.1700793,89.33333333333337,38.5,2.32,$38.50
Pfalz,89.07,30.795580110497237,49.482211599999786,7.8609481000000105,89.06629834254126,30.795580110497216,2.89,$30.80
Philadelphia,89.75,31.75,39.9525839,-75.1652215,89.75,31.75,2.83,$31.75
Piedmont,89.58,54.957267724182586,37.623639500001204,-96.36556040000379,89.58497895759669,54.95726772418144,1.63,$54.96
Pinto Bandeira,87.17,32.0,-29.0974897,-51.4503228,87.16666666666667,32.0,2.72,$32.00
Pirque,90.17,41.5,-33.6793441,-70.58310689999998,90.16666666666667,41.5,2.17,$41.50
Polkadraai Hills,85.00,11.333333333333334,-33.9608446,18.800415,85.0,11.333333333333334,7.50,$11.33
Port,90.31,68.75406032482599,36.230607999999876,-95.74023239999966,90.31322505800448,68.75406032482636,1.31,$68.75
Portugal,88.00,31.75,39.39987199999999,-8.224454,88.0,31.75,2.77,$31.75
Portuguese Table Wine,87.30,15.6,35.51553969999999,-82.52774320000002,87.29999999999997,15.6,5.60,$15.60
Primorska,87.89,11.444444444444445,45.90051449999999,13.8743767,87.8888888888889,11.444444444444445,7.68,$11.44
Progreso,86.82,24.272727272727273,21.281190799999997,-89.66516279999998,86.8181818181818,24.272727272727277,3.58,$24.27
Provence,88.26,22.654082528533802,44.014493599999724,6.211643800000073,88.26075504828906,22.654082528533767,3.90,$22.65
Puente Alto,91.86,84.5,-33.61860819999999,-70.59060569999998,91.85714285714288,84.5,1.09,$84.50
Rapel Valley,85.94,13.901234567901234,-33.94293589999993,-71.73617829999979,85.94444444444473,13.901234567901199,6.18,$13.90
Rapsani,88.00,26.0,39.9019286,22.5478028,88.0,26.0,3.38,$26.00
Recas,86.92,11.307692307692308,40.7875176,-89.61983069999998,86.92307692307692,11.30769230769231,7.69,$11.31
Requinoa,86.50,28.0,-34.2883749,-70.815833,86.5,28.0,3.09,$28.00
Retsina,91.00,18.5,44.94685700000001,-93.16725,91.0,18.5,4.92,$18.50
Rheingau,90.99,79.8538961038961,50.18916790000002,8.110416399999998,90.99350649350612,79.85389610389642,1.14,$79.85
Rhode Island,90.00,25.0,41.5800945,-71.4774291,90.0,25.0,3.60,$25.00
Ribatejo,88.23,13.923076923076923,38.9022048,-9.039742700000001,88.23076923076925,13.923076923076925,6.34,$13.92
Rio Claro,84.00,11.6,-22.4149023,-47.5651394,84.0,11.6,7.24,$11.60
Robertson,86.94,16.238636363636363,36.098979200000024,-95.86902850000006,86.94318181818193,16.238636363636342,5.35,$16.24
Romania,86.14,8.095238095238095,45.94316100000002,24.966760000000004,86.14285714285712,8.095238095238098,10.64,$8.10
Sagrada Familia,88.50,19.5,41.4036299,2.1743558,88.5,19.5,4.54,$19.50
Samos,86.83,16.833333333333332,37.754785700000006,26.977770099999997,86.83333333333333,16.833333333333332,5.16,$16.83
Samson,88.75,27.333333333333332,36.152013399999994,-95.9892985,88.75,27.333333333333332,3.25,$27.33
San Antonio,87.10,25.07246376811594,29.42412190000003,-98.4936281999999,87.10144927536227,25.072463768115977,3.47,$25.07
San Antonio de las Minas Valley,85.50,30.0,32.0358922,-116.602928,85.5,30.0,2.85,$30.00
San Clemente,86.75,28.75,33.4273521,-117.6126004,86.75,28.75,3.02,$28.75
San Jose,84.00,30.0,37.3382082,-121.8863286,84.0,30.0,2.80,$30.00
San Vicente,88.00,26.5,31.764097,-106.476635,88.0,26.5,3.32,$26.50
Santa Catarina,84.50,33.0,-27.2423392,-50.2188556,84.5,33.0,2.56,$33.00
Santa Cruz,91.50,77.5,36.9741171,-122.0307963,91.5,77.5,1.18,$77.50
Santorini,88.21,24.5625,36.393156200000014,25.4615092,88.20833333333339,24.5625,3.59,$24.56
Sebes,87.67,16.333333333333332,45.9595588,23.5663758,87.66666666666667,16.333333333333332,5.37,$16.33
Serra do Sudeste,82.00,15.0,-20.1228954,-40.3054099,82.0,15.0,5.47,$15.00
Setubal,86.50,13.0625,38.5254047,-8.894099999999998,86.5,13.0625,6.62,$13.06
Shomron,86.85,21.35,32.422876999999986,35.3027226,86.84999999999997,21.35000000000001,4.07,$21.35
Sicily & Sardinia,88.19,27.623476587556127,37.59999380000071,14.015355700000145,88.19243104554003,27.623476587556073,3.19,$27.62
Simonsberg-Paarl,86.75,22.25,54.436667,8.971943999999999,86.75,22.25,3.90,$22.25
Simonsberg-Stellenbosch,89.22,43.513513513513516,-33.931612,18.870008999999992,89.21621621621624,43.51351351351354,2.05,$43.51
Sithonia,89.00,23.0,40.042709,23.9060624,89.0,23.0,3.87,$23.00
Slovenia,86.50,27.5,46.151241,14.995463,86.5,27.5,3.15,$27.50
Slovenska Istra,86.00,18.0,45.2745018,13.8901858,86.0,18.0,4.78,$18.00
Sopron,88.00,21.25,47.68166189999999,16.5844795,88.0,21.25,4.14,$21.25
South Africa,87.20,14.0,-30.559481999999996,22.937506,87.2,14.0,6.23,$14.00
South Australia,89.06,38.8114199849737,-30.000231499999728,136.20915469999764,89.05634861006949,38.81141998497336,2.29,$38.81
South Island,86.75,17.666666666666668,-45.15267069999999,169.89263329999997,86.75,17.666666666666664,4.91,$17.67
Southern Italy,87.86,27.80282935455349,42.9790963999991,-89.51445370000118,87.86472148541264,27.802829354553797,3.16,$27.80
Southwest France,88.64,24.235955056179776,46.227637999998564,2.2137490000000066,88.63595505617866,24.235955056180504,3.66,$24.24
Spain Other,86.16,26.047619047619047,40.42725950000004,-3.6812251000000042,86.15873015873025,26.04761904761904,3.31,$26.05
Steiermark,87.57,19.571428571428573,47.3593442,14.469982700000001,87.57142857142858,19.571428571428577,4.47,$19.57
Stellenbosch,88.48,29.680306905370845,-33.93210449999981,18.860152000000134,88.48337595907975,29.680306905371094,2.98,$29.68
Sterea Ellada,86.00,10.0,38.6043928,22.7152125,86.0,10.0,8.60,$10.00
Swartland,88.85,26.49230769230769,-33.33068320000002,18.712579099999996,88.84615384615394,26.492307692307733,3.35,$26.49
Switzerland,89.00,160.0,46.818188,8.227511999999999,89.0,160.0,0.56,$160.00
Table wine,81.00,8.0,43.092253,-89.3533545,81.0,8.0,10.12,$8.00
Tarnave,85.20,8.0,46.1724825,23.7957552,85.2,8.0,10.65,$8.00
Tasmania,89.07,36.523809523809526,-41.45451959999997,145.97066470000004,89.07142857142854,36.523809523809554,2.44,$36.52
Tejo,86.91,15.976109215017065,39.75284420000019,-5.253228399999935,86.91467576791867,15.976109215017155,5.44,$15.98
Texas,85.22,25.602150537634408,31.96859880000007,-99.90181309999998,85.21505376344072,25.602150537634365,3.33,$25.60
Thraki,87.00,12.0,41.1295126,24.8877191,87.0,12.0,7.25,$12.00
Ticino,83.00,38.0,46.331734,8.800452900000002,83.0,38.0,2.18,$38.00
Tikves,86.83,15.583333333333334,41.4351304,22.0028083,86.83333333333336,15.583333333333336,5.57,$15.58
Tokaj,89.48,28.043478260869566,48.117214800000035,21.408901499999985,89.47826086956513,28.043478260869573,3.19,$28.04
Tokaji,90.85,64.3695652173913,33.84021619999999,-118.18437590000003,90.84782608695652,64.36956521739134,1.41,$64.37
Traisental,91.26,32.16279069767442,48.14085969999997,15.638523100000004,91.25581395348844,32.162790697674396,2.84,$32.16
Tulbagh,89.10,54.6,-33.2872221,19.1434108,89.10000000000001,54.60000000000001,1.63,$54.60
Turkey,87.59,17.470588235294116,38.96374500000001,35.24332199999999,87.58823529411764,17.470588235294116,5.01,$17.47
Tuscany,89.15,47.68369734789392,43.77105129999759,11.248620799998978,89.14840093604204,47.683697347899816,1.87,$47.68
Ukraine,84.07,9.214285714285714,48.37943299999999,31.165579900000008,84.07142857142857,9.214285714285712,9.12,$9.21
Upper Galilee,88.09,24.0,33.16398389999998,35.6314191,88.09375,24.0,3.67,$24.00
Uruguay,86.83,22.083333333333332,-32.52277900000001,-55.76583499999999,86.83333333333331,22.08333333333333,3.93,$22.08
Valais,90.00,29.0,46.1904614,7.5449226,90.0,29.0,3.10,$29.00
Vale Trentino,85.00,28.6,-29.231643,-51.2702634,85.0,28.6,2.97,$28.60
Vale dos Vinhedos,83.56,31.77777777777778,-29.196267299999995,-51.5574014,83.55555555555556,31.77777777777778,2.63,$31.78
Valle de Guadalupe,85.17,26.696969696969695,32.09562809999994,-116.57257200000002,85.16666666666671,26.696969696969727,3.19,$26.70
Veneto,87.86,34.007343412527,45.4414662000017,12.31525949999948,87.8622030237546,34.0073434125271,2.58,$34.01
Vermont,84.33,31.666666666666668,44.5588028,-72.57784149999999,84.33333333333333,31.666666666666668,2.66,$31.67
Victoria,88.87,42.60634920634921,37.090240000000016,-95.71289099999946,88.86984126984059,42.60634920634937,2.09,$42.61
Vienna,90.45,26.56896551724138,48.20817430000001,16.373818899999975,90.44827586206893,26.56896551724139,3.40,$26.57
Viile Timis,84.00,8.0,45.79889319999999,21.2955363,84.0,8.0,10.50,$8.00
Viile Timisului,86.41,7.545454545454546,45.81389020000003,21.33310549999999,86.40909090909093,7.545454545454543,11.45,$7.55
Vinho Espumante de Qualidade,86.09,27.545454545454547,38.29947800000001,-122.28528200000004,86.09090909090911,27.545454545454557,3.13,$27.55
Vinho Verde,86.41,13.00864553314121,29.73027290000013,-98.10345949999927,86.4149855907781,13.008645533141156,6.64,$13.01
Vinho da Mesa,91.00,28.0,33.6329799,-117.9178745,91.0,28.0,3.25,$28.00
Vipavska Dolina,88.80,36.4,45.8367516,13.9594013,88.8,36.4,2.44,$36.40
Virginia,85.62,27.01298701298701,37.43157340000028,-78.65689420000086,85.61948051948137,27.012987012986976,3.17,$27.01
Vlootenburg,85.00,18.0,-33.9586148,18.7979659,85.0,18.0,4.72,$18.00
Wachau,91.67,45.9025974025974,48.3896089000004,15.474889699999954,91.665584415584,45.902597402597266,2.00,$45.90
Wagram,90.85,28.35483870967742,48.299051999999975,16.564012499999993,90.85483870967737,28.354838709677388,3.20,$28.35
Wagram-Donauland,89.56,30.323529411764707,34.88793959999999,-79.36615149999993,89.55882352941173,30.323529411764724,2.95,$30.32
Waiheke Island,89.50,35.6,-36.801923699999996,175.10801459999996,89.5,35.60000000000001,2.51,$35.60
Waipara,87.80,22.6,-43.054834199999966,172.76125050000007,87.79999999999998,22.60000000000001,3.88,$22.60
Waipara Valley,89.07,34.666666666666664,-43.05483419999997,172.76125050000005,89.06666666666663,34.66666666666667,2.57,$34.67
Wairarapa,87.29,26.571428571428573,-40.950146,175.662255,87.2857142857143,26.571428571428577,3.28,$26.57
Wairau Valley,87.64,21.09090909090909,-41.56537300000001,173.52863520000002,87.63636363636364,21.09090909090909,4.16,$21.09
Waitaki Valley,89.00,55.0,-44.7433485,170.4635009,89.0,55.0,1.62,$55.00
Walker Bay,87.56,24.0,38.275787,-121.97927000000003,87.5625,24.0,3.65,$24.00
Washington,88.95,32.436444133752765,47.75107409999004,-120.74013849999766,88.95141558896096,32.43644413375295,2.74,$32.44
Washington-Oregon,88.43,17.857142857142858,45.546961599999996,-123.13860209999999,88.42857142857143,17.857142857142858,4.95,$17.86
Weinviertel,89.74,25.904761904761905,48.384556099999934,16.514912800000026,89.73809523809535,25.90476190476192,3.46,$25.90
Wellington,87.74,21.565217391304348,-41.286460300000016,174.77623600000007,87.73913043478255,21.565217391304362,4.07,$21.57
Western Australia,88.92,33.578947368421055,-27.672816799999968,121.62830979999934,88.9157894736845,33.57894736842109,2.65,$33.58
Western Cape,86.71,16.17818181818182,-33.227791799999984,21.856858600000063,86.7090909090911,16.17818181818174,5.36,$16.18
Wiener Gemischter Satz,90.52,27.88,48.255837500000005,16.34224870000001,90.52,27.88,3.25,$27.88
